"N","XRF","XBART","SRF","SBART","TRF","TBART"
5000,0.0200777582233852,0.065945914758263,0.0218094945030449,0.0429664615458346,0.0220628751955021,0.0690128916182625
10000,0.0077495641096162,0.0464129938615777,0.0139805016195229,0.0284792923729287,0.0120496545581327,0.063258588155258
20000,0.0117028602743983,0.0321508043025683,0.00802787670863836,0.0189163468944433,0.011694722333014,0.0355050674671493
