"N","XRF","XBART","SRF","SBART","TRF","TBART"
5000,0.00394892022560037,0.0578697959615086,0.000247049717586449,0.000945101550244456,0.0179737054425762,0.0938447867447127
10000,0.00480988461219847,0.041507895962007,0.000259327601462268,0.00200844594666645,0.0150072965855001,0.0510859088763157
20000,0.00239664375826735,0.0267056140466058,0.000265366266823449,0.000592084690065876,0.0118747618995088,0.0371247702457481
