"N","XRF","XBART","SRF","SBART","TRF","TBART"
5000,5183.78767223702,270.622182661572,5563.49147560709,441.350351429899,5249.81321622633,376.067886222902
10000,3181.93862312282,65.5620140754039,3534.22400975123,103.59472550997,3539.62307274756,130.836373468799
20000,1734.42201529748,49.321835256094,1864.68253518252,57.8211733036171,1661.64967328169,83.1561217165464
