"N","XRF","XBART","SRF","SBART","TRF","TBART"
5000,7.39982039605796,31.7411598229009,0.0434935421000894,0.105803837843555,29.5675838574371,184.311855102801
10000,3.66401181744305,37.697633718539,0.0303478869839109,2.45440517720183,27.4787950619269,187.411225127346
20000,1.97926055992834,30.2846123165466,0.0309313019125905,0.445717302121372,26.8692464038456,179.115068121519
